"Name","LinkedPackageID","BillingPackage","TID","InfoTID","AnimatedTID","Disabled","ExistsApple","ExistsAndroid","ExistsKunlun","ExistsBazaar","ExistsTencent","ExistsAmazon","ExistsSCID","DurationDays","ShopItemExportName","ShopInfoItemExportName","ShopItemBG","ShopItemBGColor","TownhallLimitMin","TownhallLimitMax","VillageType","Buildings","BuildingType","BuildingNumber","BuildingLevel","UnlocksTroop","TroopType","GiftGems","GiftUsers","Resources","ResourceAmounts","ResourceAmountFromThCSV","THResourceMultiplier","MagicItems","MagicItemAmounts","RED","Priority","FrontPageItem","TreasureItem","ReplacesBillingPackage","ValueForUI","ValueStarsForUI","TimesCanBePurchased","PremiumPass","EventPass"
"String","int","String","String","String","String","boolean","boolean","boolean","boolean","boolean","boolean","boolean","boolean","int","String","String","String","String","int","int","int","String","String","int","int","String","String","int","int","String","int","boolean","int","String","int","boolean","int","boolean","boolean","String","int","int","int","boolean","boolean"
"Builder3",,"com.supercell.magic.builder1",,,,"TRUE","FALSE","FALSE","FALSE","FALSE","FALSE","FALSE","FALSE",,,,,,,,,,,,,,,,,,,,,,,,,,,,,,,,
"Builder4",,"com.supercell.magic.builder2",,,,"TRUE","FALSE","FALSE","FALSE","FALSE","FALSE","FALSE","FALSE",,,,,,,,,,,,,,,,,,,,,,,,,,,,,,,,
"Builder5",,"com.supercell.magic.builder3",,,,"TRUE","FALSE","FALSE","FALSE","FALSE","FALSE","FALSE","FALSE",,,,,,,,,,,,,,,,,,,,,,,,,,,,,,,,
"TownHall4",,"com.supercell.magic.th7",,,,"TRUE","FALSE","FALSE","FALSE","FALSE","FALSE","FALSE","FALSE",,,,,,,,,,,,,,,,,,,,,,,,,,,,,,,,
"TownHall4_ALT",,"com.supercell.magic.th7",,,,"TRUE","FALSE","FALSE","FALSE","FALSE","FALSE","FALSE","FALSE",,,,,,,,,,,,,,,,,,,,,,,,,,,,,,,,
"TownHall5",,"com.supercell.magic.th1",,,,"TRUE","FALSE","FALSE","FALSE","FALSE","FALSE","FALSE","FALSE",,,,,,,,,,,,,,,,,,,,,,,,,,,,,,,,
"TownHall5_ALT",,"com.supercell.magic.th1",,,,"TRUE","FALSE","FALSE","FALSE","FALSE","FALSE","FALSE","FALSE",,,,,,,,,,,,,,,,,,,,,,,,,,,,,,,,
"TownHall6",,"com.supercell.magic.th1",,,,"TRUE","FALSE","FALSE","FALSE","FALSE","FALSE","FALSE","FALSE",,,,,,,,,,,,,,,,,,,,,,,,,,,,,,,,
"TownHall6_ALT",,"com.supercell.magic.th1",,,,"TRUE","FALSE","FALSE","FALSE","FALSE","FALSE","FALSE","FALSE",,,,,,,,,,,,,,,,,,,,,,,,,,,,,,,,
"TownHall7",,"com.supercell.magic.th2",,,,"TRUE","FALSE","FALSE","FALSE","FALSE","FALSE","FALSE","FALSE",,,,,,,,,,,,,,,,,,,,,,,,,,,,,,,,
"TownHall7_ALT",,"com.supercell.magic.th1",,,,"TRUE","FALSE","FALSE","FALSE","FALSE","FALSE","FALSE","FALSE",,,,,,,,,,,,,,,,,,,,,,,,,,,,,,,,
"TownHall8",,"com.supercell.magic.th2",,,,"TRUE","FALSE","FALSE","FALSE","FALSE","FALSE","FALSE","FALSE",,,,,,,,,,,,,,,,,,,,,,,,,,,,,,,,
"TownHall9",,"com.supercell.magic.th2",,,,"TRUE","FALSE","FALSE","FALSE","FALSE","FALSE","FALSE","FALSE",,,,,,,,,,,,,,,,,,,,,,,,,,,,,,,,
"TownHall9_ALT",,"com.supercell.magic.th2",,,,"TRUE","FALSE","FALSE","FALSE","FALSE","FALSE","FALSE","FALSE",,,,,,,,,,,,,,,,,,,,,,,,,,,,,,,,
"TownHall10",,"com.supercell.magic.th3",,,,"TRUE","FALSE","FALSE","FALSE","FALSE","FALSE","FALSE","FALSE",,,,,,,,,,,,,,,,,,,,,,,,,,,,,,,,
"TownHall10_ALT",,"com.supercell.magic.th3",,,,"TRUE","FALSE","FALSE","FALSE","FALSE","FALSE","FALSE","FALSE",,,,,,,,,,,,,,,,,,,,,,,,,,,,,,,,
"TownHall11",,"com.supercell.magic.th3",,,,"TRUE","FALSE","FALSE","FALSE","FALSE","FALSE","FALSE","FALSE",,,,,,,,,,,,,,,,,,,,,,,,,,,,,,,,
"TownHall11_ALT",,"com.supercell.magic.th3",,,,"TRUE","FALSE","FALSE","FALSE","FALSE","FALSE","FALSE","FALSE",,,,,,,,,,,,,,,,,,,,,,,,,,,,,,,,
"Red",,"com.supercell.magic.package0",,,,"TRUE","FALSE","FALSE","FALSE","FALSE","FALSE","FALSE","FALSE",,,,,,,,,,,,,,,,,,,,,,,,,,,,,,,,
"BombTower",,"com.supercell.magic.update2",,,,"TRUE","FALSE","FALSE","FALSE","FALSE","FALSE","FALSE","FALSE",,,,,,,,,,,,,,,,,,,,,,,,,,,,,,,,
"ResourcePack",,"com.supercell.magic.resource7",,,,"TRUE","FALSE","FALSE","FALSE","FALSE","FALSE","FALSE","FALSE",,,,,,,,,,,,,,,,,,,,,,,,,,,,,,,,
"CalendarTest",,"com.supercell.magic.update2",,,,"TRUE","FALSE","FALSE","FALSE","FALSE","FALSE","FALSE","FALSE",,,,,,,,,,,,,,,,,,,,,,,,,,,,,,,,
"BlackFridayTH5",,"com.supercell.magic.resource1",,,,"TRUE","FALSE","FALSE","FALSE","FALSE","FALSE","FALSE","FALSE",,,,,,,,,,,,,,,,,,,,,,,,,,,,,,,,
"BlackFridayTH6",,"com.supercell.magic.resource1",,,,"TRUE","FALSE","FALSE","FALSE","FALSE","FALSE","FALSE","FALSE",,,,,,,,,,,,,,,,,,,,,,,,,,,,,,,,
"BlackFridayTH7",,"com.supercell.magic.resource1",,,,"TRUE","FALSE","FALSE","FALSE","FALSE","FALSE","FALSE","FALSE",,,,,,,,,,,,,,,,,,,,,,,,,,,,,,,,
"BlackFridayTH8_11",,"com.supercell.magic.resource2",,,,"TRUE","FALSE","FALSE","FALSE","FALSE","FALSE","FALSE","FALSE",,,,,,,,,,,,,,,,,,,,,,,,,,,,,,,,
"XmasPack2",,"com.supercell.magic.gift2",,,,"TRUE","FALSE","FALSE","FALSE","FALSE","FALSE","FALSE","FALSE",,,,,,,,,,,,,,,,,,,,,,,,,,,,,,,,
"ResourcePackLow",,"com.supercell.magic.resource2",,,,"TRUE","FALSE","FALSE","FALSE","FALSE","FALSE","FALSE","FALSE",,,,,,,,,,,,,,,,,,,,,,,,,,,,,,,,
"ResourcePackTH9",,"com.supercell.magic.resource3",,,,"TRUE","FALSE","FALSE","FALSE","FALSE","FALSE","FALSE","FALSE",,,,,,,,,,,,,,,,,,,,,,,,,,,,,,,,
"ResourcePackTH10",,"com.supercell.magic.resource3",,,,"TRUE","FALSE","FALSE","FALSE","FALSE","FALSE","FALSE","FALSE",,,,,,,,,,,,,,,,,,,,,,,,,,,,,,,,
"ResourcePackTH11",,"com.supercell.magic.resource3",,,,"TRUE","FALSE","FALSE","FALSE","FALSE","FALSE","FALSE","FALSE",,,,,,,,,,,,,,,,,,,,,,,,,,,,,,,,
"XmasPack5",,"com.supercell.magic.gift5",,,,"TRUE","FALSE","FALSE","FALSE","FALSE","FALSE","FALSE","FALSE",,,,,,,,,,,,,,,,,,,,,,,,,,,,,,,,
"HolidayFlashPackTH2",,"com.supercell.magic.holiday7",,,,"TRUE","FALSE","FALSE","FALSE","FALSE","FALSE","FALSE","FALSE",,,,,,,,,,,,,,,,,,,,,,,,,,,,,,,,
"HolidayFlashPackTH3",,"com.supercell.magic.holiday7",,,,"TRUE","FALSE","FALSE","FALSE","FALSE","FALSE","FALSE","FALSE",,,,,,,,,,,,,,,,,,,,,,,,,,,,,,,,
"HolidayFlashPackTH4",,"com.supercell.magic.holiday7",,,,"TRUE","FALSE","FALSE","FALSE","FALSE","FALSE","FALSE","FALSE",,,,,,,,,,,,,,,,,,,,,,,,,,,,,,,,
"HolidayFlashPackTH5",,"com.supercell.magic.holiday1",,,,"TRUE","FALSE","FALSE","FALSE","FALSE","FALSE","FALSE","FALSE",,,,,,,,,,,,,,,,,,,,,,,,,,,,,,,,
"HolidayFlashPackTH6",,"com.supercell.magic.holiday1",,,,"TRUE","FALSE","FALSE","FALSE","FALSE","FALSE","FALSE","FALSE",,,,,,,,,,,,,,,,,,,,,,,,,,,,,,,,
"HolidayFlashPackTH7",,"com.supercell.magic.holiday1",,,,"TRUE","FALSE","FALSE","FALSE","FALSE","FALSE","FALSE","FALSE",,,,,,,,,,,,,,,,,,,,,,,,,,,,,,,,
"HolidayFlashPackTH8_9",,"com.supercell.magic.holiday2",,,,"TRUE","FALSE","FALSE","FALSE","FALSE","FALSE","FALSE","FALSE",,,,,,,,,,,,,,,,,,,,,,,,,,,,,,,,
"HolidayFlashPackTH10_11",,"com.supercell.magic.holiday3",,,,"TRUE","FALSE","FALSE","FALSE","FALSE","FALSE","FALSE","FALSE",,,,,,,,,,,,,,,,,,,,,,,,,,,,,,,,
"XmasPack3",,"com.supercell.magic.gift3",,,,"TRUE","FALSE","FALSE","FALSE","FALSE","FALSE","FALSE","FALSE",,,,,,,,,,,,,,,,,,,,,,,,,,,,,,,,
"XmasPack4",,"com.supercell.magic.gift4",,,,"TRUE","FALSE","FALSE","FALSE","FALSE","FALSE","FALSE","FALSE",,,,,,,,,,,,,,,,,,,,,,,,,,,,,,,,
"CNY2017_TH2",,"com.supercell.magic.resource7",,,,"TRUE","FALSE","FALSE","FALSE","FALSE","FALSE","FALSE","FALSE",,,,,,,,,,,,,,,,,,,,,,,,,,,,,,,,
"CNY2017_TH3",,"com.supercell.magic.resource7",,,,"TRUE","FALSE","FALSE","FALSE","FALSE","FALSE","FALSE","FALSE",,,,,,,,,,,,,,,,,,,,,,,,,,,,,,,,
"CNY2017_TH4",,"com.supercell.magic.resource7",,,,"TRUE","FALSE","FALSE","FALSE","FALSE","FALSE","FALSE","FALSE",,,,,,,,,,,,,,,,,,,,,,,,,,,,,,,,
"CNY2017_TH5",,"com.supercell.magic.resource1",,,,"TRUE","FALSE","FALSE","FALSE","FALSE","FALSE","FALSE","FALSE",,,,,,,,,,,,,,,,,,,,,,,,,,,,,,,,
"CNY2017_TH6",,"com.supercell.magic.resource1",,,,"TRUE","FALSE","FALSE","FALSE","FALSE","FALSE","FALSE","FALSE",,,,,,,,,,,,,,,,,,,,,,,,,,,,,,,,
"CNY2017_TH7",,"com.supercell.magic.resource1",,,,"TRUE","FALSE","FALSE","FALSE","FALSE","FALSE","FALSE","FALSE",,,,,,,,,,,,,,,,,,,,,,,,,,,,,,,,
"CNY2017_TH8_9",,"com.supercell.magic.resource2",,,,"TRUE","FALSE","FALSE","FALSE","FALSE","FALSE","FALSE","FALSE",,,,,,,,,,,,,,,,,,,,,,,,,,,,,,,,
"CNY2017_TH10_11",,"com.supercell.magic.resource3",,,,"TRUE","FALSE","FALSE","FALSE","FALSE","FALSE","FALSE","FALSE",,,,,,,,,,,,,,,,,,,,,,,,,,,,,,,,
"CNY2017_TH8_11",,"com.supercell.magic.resource2",,,,"TRUE","FALSE","FALSE","FALSE","FALSE","FALSE","FALSE","FALSE",,,,,,,,,,,,,,,,,,,,,,,,,,,,,,,,
"CWBD_TH2",,"com.supercell.magic.resource7",,,,"TRUE","FALSE","FALSE","FALSE","FALSE","FALSE","FALSE","FALSE",,,,,,,,,,,,,,,,,,,,,,,,,,,,,,,,
"CWBD_TH3",,"com.supercell.magic.resource7",,,,"TRUE","FALSE","FALSE","FALSE","FALSE","FALSE","FALSE","FALSE",,,,,,,,,,,,,,,,,,,,,,,,,,,,,,,,
"CWBD_TH4",,"com.supercell.magic.resource7",,,,"TRUE","FALSE","FALSE","FALSE","FALSE","FALSE","FALSE","FALSE",,,,,,,,,,,,,,,,,,,,,,,,,,,,,,,,
"CWBD_TH5",,"com.supercell.magic.resource1",,,,"TRUE","FALSE","FALSE","FALSE","FALSE","FALSE","FALSE","FALSE",,,,,,,,,,,,,,,,,,,,,,,,,,,,,,,,
"CWBD_TH6",,"com.supercell.magic.resource1",,,,"TRUE","FALSE","FALSE","FALSE","FALSE","FALSE","FALSE","FALSE",,,,,,,,,,,,,,,,,,,,,,,,,,,,,,,,
"CWBD_TH7",,"com.supercell.magic.resource1",,,,"TRUE","FALSE","FALSE","FALSE","FALSE","FALSE","FALSE","FALSE",,,,,,,,,,,,,,,,,,,,,,,,,,,,,,,,
"CWBD_TH8_11",,"com.supercell.magic.resource2",,,,"TRUE","FALSE","FALSE","FALSE","FALSE","FALSE","FALSE","FALSE",,,,,,,,,,,,,,,,,,,,,,,,,,,,,,,,
"BuildersHall3",,"com.supercell.magic.bh1",,,,"TRUE","FALSE","FALSE","FALSE","FALSE","FALSE","FALSE","FALSE",,,,,,,,,,,,,,,,,,,,,,,,,,,,,,,,
"BuildersHall4",,"com.supercell.magic.bh2",,,,"TRUE","FALSE","FALSE","FALSE","FALSE","FALSE","FALSE","FALSE",,,,,,,,,,,,,,,,,,,,,,,,,,,,,,,,
"BuildersHall5",,"com.supercell.magic.bh2",,,,"TRUE","FALSE","FALSE","FALSE","FALSE","FALSE","FALSE","FALSE",,,,,,,,,,,,,,,,,,,,,,,,,,,,,,,,
"BuildersHall6",,"com.supercell.magic.bh3",,,,"TRUE","FALSE","FALSE","FALSE","FALSE","FALSE","FALSE","FALSE",,,,,,,,,,,,,,,,,,,,,,,,,,,,,,,,
"BuildersHall7",,"com.supercell.magic.bh3",,,,"TRUE","FALSE","FALSE","FALSE","FALSE","FALSE","FALSE","FALSE",,,,,,,,,,,,,,,,,,,,,,,,,,,,,,,,
"BuildersHall8",,"com.supercell.magic.bh3",,,,"TRUE","FALSE","FALSE","FALSE","FALSE","FALSE","FALSE","FALSE",,,,,,,,,,,,,,,,,,,,,,,,,,,,,,,,
"ResourcePack_TH4_0_99_Gold",,"com.supercell.magic.resource7",,,,"TRUE","FALSE","FALSE","FALSE","FALSE","FALSE","FALSE","FALSE",,,,,,,,,,,,,,,,,,,,,,,,,,,,,,,,
"ResourcePack_TH5_0_99_Gold",,"com.supercell.magic.resource7",,,,"TRUE","FALSE","FALSE","FALSE","FALSE","FALSE","FALSE","FALSE",,,,,,,,,,,,,,,,,,,,,,,,,,,,,,,,
"ResourcePack_TH6_0_99_Gold",,"com.supercell.magic.resource7",,,,"TRUE","FALSE","FALSE","FALSE","FALSE","FALSE","FALSE","FALSE",,,,,,,,,,,,,,,,,,,,,,,,,,,,,,,,
"ResourcePack_TH7_0_99_Gold",,"com.supercell.magic.resource7",,,,"TRUE","FALSE","FALSE","FALSE","FALSE","FALSE","FALSE","FALSE",,,,,,,,,,,,,,,,,,,,,,,,,,,,,,,,
"ResourcePack_TH8_0_99_Gold",,"com.supercell.magic.resource7",,,,"TRUE","FALSE","FALSE","FALSE","FALSE","FALSE","FALSE","FALSE",,,,,,,,,,,,,,,,,,,,,,,,,,,,,,,,
"ResourcePack_TH9_0_99_Gold",,"com.supercell.magic.resource7",,,,"TRUE","FALSE","FALSE","FALSE","FALSE","FALSE","FALSE","FALSE",,,,,,,,,,,,,,,,,,,,,,,,,,,,,,,,
"ResourcePack_TH10_11_0_99_Gold",,"com.supercell.magic.resource7",,,,"TRUE","FALSE","FALSE","FALSE","FALSE","FALSE","FALSE","FALSE",,,,,,,,,,,,,,,,,,,,,,,,,,,,,,,,
"ResourcePack_TH4_0_99_Elixir",,"com.supercell.magic.resource7",,,,"TRUE","FALSE","FALSE","FALSE","FALSE","FALSE","FALSE","FALSE",,,,,,,,,,,,,,,,,,,,,,,,,,,,,,,,
"ResourcePack_TH5_0_99_Elixir",,"com.supercell.magic.resource7",,,,"TRUE","FALSE","FALSE","FALSE","FALSE","FALSE","FALSE","FALSE",,,,,,,,,,,,,,,,,,,,,,,,,,,,,,,,
"ResourcePack_TH6_0_99_Elixir",,"com.supercell.magic.resource7",,,,"TRUE","FALSE","FALSE","FALSE","FALSE","FALSE","FALSE","FALSE",,,,,,,,,,,,,,,,,,,,,,,,,,,,,,,,
"ResourcePack_TH7_0_99_Elixir",,"com.supercell.magic.resource7",,,,"TRUE","FALSE","FALSE","FALSE","FALSE","FALSE","FALSE","FALSE",,,,,,,,,,,,,,,,,,,,,,,,,,,,,,,,
"ResourcePack_TH8_0_99_Elixir",,"com.supercell.magic.resource7",,,,"TRUE","FALSE","FALSE","FALSE","FALSE","FALSE","FALSE","FALSE",,,,,,,,,,,,,,,,,,,,,,,,,,,,,,,,
"ResourcePack_TH9_0_99_Elixir",,"com.supercell.magic.resource7",,,,"TRUE","FALSE","FALSE","FALSE","FALSE","FALSE","FALSE","FALSE",,,,,,,,,,,,,,,,,,,,,,,,,,,,,,,,
"ResourcePack_TH10_11_0_99_Elixir",,"com.supercell.magic.resource7",,,,"TRUE","FALSE","FALSE","FALSE","FALSE","FALSE","FALSE","FALSE",,,,,,,,,,,,,,,,,,,,,,,,,,,,,,,,
"ResourcePack_TH4_4_99_Gold",,"com.supercell.magic.resource1",,,,"TRUE","FALSE","FALSE","FALSE","FALSE","FALSE","FALSE","FALSE",,,,,,,,,,,,,,,,,,,,,,,,,,,,,,,,
"ResourcePack_TH5_4_99_Gold",,"com.supercell.magic.resource1",,,,"TRUE","FALSE","FALSE","FALSE","FALSE","FALSE","FALSE","FALSE",,,,,,,,,,,,,,,,,,,,,,,,,,,,,,,,
"ResourcePack_TH6_4_99_Gold",,"com.supercell.magic.resource1",,,,"TRUE","FALSE","FALSE","FALSE","FALSE","FALSE","FALSE","FALSE",,,,,,,,,,,,,,,,,,,,,,,,,,,,,,,,
"ResourcePack_TH7_4_99_Gold",,"com.supercell.magic.resource1",,,,"TRUE","FALSE","FALSE","FALSE","FALSE","FALSE","FALSE","FALSE",,,,,,,,,,,,,,,,,,,,,,,,,,,,,,,,
"ResourcePack_TH8_4_99_Gold",,"com.supercell.magic.resource1",,,,"TRUE","FALSE","FALSE","FALSE","FALSE","FALSE","FALSE","FALSE",,,,,,,,,,,,,,,,,,,,,,,,,,,,,,,,
"ResourcePack_TH9_4_99_Gold",,"com.supercell.magic.resource1",,,,"TRUE","FALSE","FALSE","FALSE","FALSE","FALSE","FALSE","FALSE",,,,,,,,,,,,,,,,,,,,,,,,,,,,,,,,
"ResourcePack_TH10_11_4_99_Gold",,"com.supercell.magic.resource1",,,,"TRUE","FALSE","FALSE","FALSE","FALSE","FALSE","FALSE","FALSE",,,,,,,,,,,,,,,,,,,,,,,,,,,,,,,,
"ResourcePack_TH4_4_99_Elixir",,"com.supercell.magic.resource1",,,,"TRUE","FALSE","FALSE","FALSE","FALSE","FALSE","FALSE","FALSE",,,,,,,,,,,,,,,,,,,,,,,,,,,,,,,,
"ResourcePack_TH5_4_99_Elixir",,"com.supercell.magic.resource1",,,,"TRUE","FALSE","FALSE","FALSE","FALSE","FALSE","FALSE","FALSE",,,,,,,,,,,,,,,,,,,,,,,,,,,,,,,,
"ResourcePack_TH6_4_99_Elixir",,"com.supercell.magic.resource1",,,,"TRUE","FALSE","FALSE","FALSE","FALSE","FALSE","FALSE","FALSE",,,,,,,,,,,,,,,,,,,,,,,,,,,,,,,,
"ResourcePack_TH7_4_99_Elixir",,"com.supercell.magic.resource1",,,,"TRUE","FALSE","FALSE","FALSE","FALSE","FALSE","FALSE","FALSE",,,,,,,,,,,,,,,,,,,,,,,,,,,,,,,,
"ResourcePack_TH8_4_99_Elixir",,"com.supercell.magic.resource1",,,,"TRUE","FALSE","FALSE","FALSE","FALSE","FALSE","FALSE","FALSE",,,,,,,,,,,,,,,,,,,,,,,,,,,,,,,,
"ResourcePack_TH9_4_99_Elixir",,"com.supercell.magic.resource1",,,,"TRUE","FALSE","FALSE","FALSE","FALSE","FALSE","FALSE","FALSE",,,,,,,,,,,,,,,,,,,,,,,,,,,,,,,,
"ResourcePack_TH10_11_4_99_Elixir",,"com.supercell.magic.resource1",,,,"TRUE","FALSE","FALSE","FALSE","FALSE","FALSE","FALSE","FALSE",,,,,,,,,,,,,,,,,,,,,,,,,,,,,,,,
"ResourcePack_TH4_4_99_Gold_Elixir",,"com.supercell.magic.resource1",,,,"TRUE","FALSE","FALSE","FALSE","FALSE","FALSE","FALSE","FALSE",,,,,,,,,,,,,,,,,,,,,,,,,,,,,,,,
"ResourcePack_TH5_4_99_Gold_Elixir",,"com.supercell.magic.resource1",,,,"TRUE","FALSE","FALSE","FALSE","FALSE","FALSE","FALSE","FALSE",,,,,,,,,,,,,,,,,,,,,,,,,,,,,,,,
"ResourcePack_TH6_4_99_Gold_Elixir",,"com.supercell.magic.resource1",,,,"TRUE","FALSE","FALSE","FALSE","FALSE","FALSE","FALSE","FALSE",,,,,,,,,,,,,,,,,,,,,,,,,,,,,,,,
"ResourcePack_TH7_4_99_Gold_Elixir",,"com.supercell.magic.resource1",,,,"TRUE","FALSE","FALSE","FALSE","FALSE","FALSE","FALSE","FALSE",,,,,,,,,,,,,,,,,,,,,,,,,,,,,,,,
"ResourcePack_TH8_4_99_Gold_Elixir",,"com.supercell.magic.resource1",,,,"TRUE","FALSE","FALSE","FALSE","FALSE","FALSE","FALSE","FALSE",,,,,,,,,,,,,,,,,,,,,,,,,,,,,,,,
"ResourcePack_TH9_4_99_Gold_Elixir",,"com.supercell.magic.resource1",,,,"TRUE","FALSE","FALSE","FALSE","FALSE","FALSE","FALSE","FALSE",,,,,,,,,,,,,,,,,,,,,,,,,,,,,,,,
"ResourcePack_TH10_11_4_99_Gold_Elixir",,"com.supercell.magic.resource1",,,,"TRUE","FALSE","FALSE","FALSE","FALSE","FALSE","FALSE","FALSE",,,,,,,,,,,,,,,,,,,,,,,,,,,,,,,,
"ResourcePack_Special",,"com.supercell.magic.resource7",,,,"TRUE","FALSE","FALSE","FALSE","FALSE","FALSE","FALSE","FALSE",,,,,,,,,,,,,,,,,,,,,,,,,,,,,,,,
"Statue",,"com.supercell.magic.deco1",,,,"TRUE","FALSE","FALSE","FALSE","FALSE","FALSE","FALSE","FALSE",,,,,,,,,,,,,,,,,,,,,,,,,,,,,,,,
"ResourcePack_TH3_0_99_Gold",,"com.supercell.magic.resource7",,,,"TRUE","FALSE","FALSE","FALSE","FALSE","FALSE","FALSE","FALSE",,,,,,,,,,,,,,,,,,,,,,,,,,,,,,,,
"BdayPack1_TH3",,"com.supercell.magic.holiday7",,,,"TRUE","FALSE","FALSE","FALSE","FALSE","FALSE","FALSE","FALSE",,,,,,,,,,,,,,,,,,,,,,,,,,,,,,,,
"BdayPack1_TH4",,"com.supercell.magic.holiday1",,,,"TRUE","FALSE","FALSE","FALSE","FALSE","FALSE","FALSE","FALSE",,,,,,,,,,,,,,,,,,,,,,,,,,,,,,,,
"BdayPack1_TH5",,"com.supercell.magic.holiday1",,,,"TRUE","FALSE","FALSE","FALSE","FALSE","FALSE","FALSE","FALSE",,,,,,,,,,,,,,,,,,,,,,,,,,,,,,,,
"BdayPack1_TH6",,"com.supercell.magic.holiday1",,,,"TRUE","FALSE","FALSE","FALSE","FALSE","FALSE","FALSE","FALSE",,,,,,,,,,,,,,,,,,,,,,,,,,,,,,,,
"BdayPack1_TH7",,"com.supercell.magic.holiday2",,,,"TRUE","FALSE","FALSE","FALSE","FALSE","FALSE","FALSE","FALSE",,,,,,,,,,,,,,,,,,,,,,,,,,,,,,,,
"BdayPack1_TH8",,"com.supercell.magic.holiday2",,,,"TRUE","FALSE","FALSE","FALSE","FALSE","FALSE","FALSE","FALSE",,,,,,,,,,,,,,,,,,,,,,,,,,,,,,,,
"BdayPack1_TH9_11",,"com.supercell.magic.holiday3",,,,"TRUE","FALSE","FALSE","FALSE","FALSE","FALSE","FALSE","FALSE",,,,,,,,,,,,,,,,,,,,,,,,,,,,,,,,
"BdayPack2_TH4",,"com.supercell.magic.holiday7",,,,"TRUE","FALSE","FALSE","FALSE","FALSE","FALSE","FALSE","FALSE",,,,,,,,,,,,,,,,,,,,,,,,,,,,,,,,
"BdayPack2_TH5",,"com.supercell.magic.holiday7",,,,"TRUE","FALSE","FALSE","FALSE","FALSE","FALSE","FALSE","FALSE",,,,,,,,,,,,,,,,,,,,,,,,,,,,,,,,
"BdayPack2_TH6",,"com.supercell.magic.holiday7",,,,"TRUE","FALSE","FALSE","FALSE","FALSE","FALSE","FALSE","FALSE",,,,,,,,,,,,,,,,,,,,,,,,,,,,,,,,
"BdayPack2_TH7_11",,"com.supercell.magic.holiday1",,,,"TRUE","FALSE","FALSE","FALSE","FALSE","FALSE","FALSE","FALSE",,,,,,,,,,,,,,,,,,,,,,,,,,,,,,,,
"BuildersHall3_ALT",,"com.supercell.magic.bh1",,,,"TRUE","FALSE","FALSE","FALSE","FALSE","FALSE","FALSE","FALSE",,,,,,,,,,,,,,,,,,,,,,,,,,,,,,,,
"BuildersHall4_ALT",,"com.supercell.magic.bh2",,,,"TRUE","FALSE","FALSE","FALSE","FALSE","FALSE","FALSE","FALSE",,,,,,,,,,,,,,,,,,,,,,,,,,,,,,,,
"BuildersHall5_ALT",,"com.supercell.magic.bh2",,,,"TRUE","FALSE","FALSE","FALSE","FALSE","FALSE","FALSE","FALSE",,,,,,,,,,,,,,,,,,,,,,,,,,,,,,,,
"BuildersHall6_ALT",,"com.supercell.magic.bh3",,,,"TRUE","FALSE","FALSE","FALSE","FALSE","FALSE","FALSE","FALSE",,,,,,,,,,,,,,,,,,,,,,,,,,,,,,,,
"BuildersHall7_ALT",,"com.supercell.magic.bh3",,,,"TRUE","FALSE","FALSE","FALSE","FALSE","FALSE","FALSE","FALSE",,,,,,,,,,,,,,,,,,,,,,,,,,,,,,,,
"BuildersHall8_ALT",,"com.supercell.magic.bh3",,,,"TRUE","FALSE","FALSE","FALSE","FALSE","FALSE","FALSE","FALSE",,,,,,,,,,,,,,,,,,,,,,,,,,,,,,,,
"TownHall4_NEW",,"com.supercell.magic.th1",,,,"TRUE","FALSE","FALSE","FALSE","FALSE","FALSE","FALSE","FALSE",,,,,,,,,,,,,,,,,,,,,,,,,,,,,,,,
"TownHall4_NEW_ALT",,"com.supercell.magic.th1",,,,"TRUE","FALSE","FALSE","FALSE","FALSE","FALSE","FALSE","FALSE",,,,,,,,,,,,,,,,,,,,,,,,,,,,,,,,
"TownHall5_NEW",,"com.supercell.magic.resource_4.99",,,,"TRUE","FALSE","FALSE","FALSE","FALSE","FALSE","FALSE","FALSE",,,,,,,,,,,,,,,,,,,,,,,,,,,,,,,,
"TownHall5_NEW_ALT",,"com.supercell.magic.resource_4.99",,,,"TRUE","FALSE","FALSE","FALSE","FALSE","FALSE","FALSE","FALSE",,,,,,,,,,,,,,,,,,,,,,,,,,,,,,,,
"TownHall6_NEW",,"com.supercell.magic.resource_9.99",,,,"TRUE","FALSE","FALSE","FALSE","FALSE","FALSE","FALSE","FALSE",,,,,,,,,,,,,,,,,,,,,,,,,,,,,,,,
"TownHall6_NEW_ALT",,"com.supercell.magic.th2",,,,"TRUE","FALSE","FALSE","FALSE","FALSE","FALSE","FALSE","FALSE",,,,,,,,,,,,,,,,,,,,,,,,,,,,,,,,
"TownHall7_NEW",,"com.supercell.magic.resource_9.99",,,,"TRUE","FALSE","FALSE","FALSE","FALSE","FALSE","FALSE","FALSE",,,,,,,,,,,,,,,,,,,,,,,,,,,,,,,,
"TownHall7_NEW_ALT",,"com.supercell.magic.resource_9.99",,,,"TRUE","FALSE","FALSE","FALSE","FALSE","FALSE","FALSE","FALSE",,,,,,,,,,,,,,,,,,,,,,,,,,,,,,,,
"TownHall8_NEW",,"com.supercell.magic.resource_19.99",,,,"TRUE","FALSE","FALSE","FALSE","FALSE","FALSE","FALSE","FALSE",,,,,,,,,,,,,,,,,,,,,,,,,,,,,,,,
"TownHall8_NEW_ALT",,"com.supercell.magic.resource_19.99",,,,"TRUE","FALSE","FALSE","FALSE","FALSE","FALSE","FALSE","FALSE",,,,,,,,,,,,,,,,,,,,,,,,,,,,,,,,
"TownHall9_NEW",,"com.supercell.magic.resource_19.99",,,,"TRUE","FALSE","FALSE","FALSE","FALSE","FALSE","FALSE","FALSE",,,,,,,,,,,,,,,,,,,,,,,,,,,,,,,,
"TownHall9_NEW_ALT",,"com.supercell.magic.resource_19.99",,,,"TRUE","FALSE","FALSE","FALSE","FALSE","FALSE","FALSE","FALSE",,,,,,,,,,,,,,,,,,,,,,,,,,,,,,,,
"TownHall10_NEW",,"com.supercell.magic.resource_19.99",,,,"TRUE","FALSE","FALSE","FALSE","FALSE","FALSE","FALSE","FALSE",,,,,,,,,,,,,,,,,,,,,,,,,,,,,,,,
"TownHall10_NEW_ALT",,"com.supercell.magic.resource_19.99",,,,"TRUE","FALSE","FALSE","FALSE","FALSE","FALSE","FALSE","FALSE",,,,,,,,,,,,,,,,,,,,,,,,,,,,,,,,
"TownHall11_NEW",,"com.supercell.magic.resource_19.99",,,,"TRUE","FALSE","FALSE","FALSE","FALSE","FALSE","FALSE","FALSE",,,,,,,,,,,,,,,,,,,,,,,,,,,,,,,,
"TownHall11_NEW_ALT",,"com.supercell.magic.resource_19.99",,,,"TRUE","FALSE","FALSE","FALSE","FALSE","FALSE","FALSE","FALSE",,,,,,,,,,,,,,,,,,,,,,,,,,,,,,,,
"TownHall12_NEW",,"com.supercell.magic.resource_19.99",,,,"TRUE","FALSE","FALSE","FALSE","FALSE","FALSE","FALSE","FALSE",,,,,,,,,,,,,,,,,,,,,,,,,,,,,,,,
"TownHall12_NEW_ALT",,"com.supercell.magic.resource_19.99",,,,"TRUE","FALSE","FALSE","FALSE","FALSE","FALSE","FALSE","FALSE",,,,,,,,,,,,,,,,,,,,,,,,,,,,,,,,
"PremiumPass",,"com.supercell.magic.goldpass_6.99",,,,"TRUE","FALSE","FALSE","FALSE","FALSE","FALSE","FALSE","FALSE",,,,,,,,,,,,,,,,,,,,,,,,,,,,,,,,
"BuildersHall9",,"com.supercell.magic.bh3",,,,"TRUE","FALSE","FALSE","FALSE","FALSE","FALSE","FALSE","FALSE",,,,,,,,,,,,,,,,,,,,,,,,,,,,,,,,
"TownHall13_NEW",,"com.supercell.magic.resource_49.99",,,,"TRUE","FALSE","FALSE","FALSE","FALSE","FALSE","FALSE","FALSE",,,,,,,,,,,,,,,,,,,,,,,,,,,,,,,,
"TownHall13_NEW_ALT",,"com.supercell.magic.resource_19.99",,,,"TRUE","FALSE","FALSE","FALSE","FALSE","FALSE","FALSE","FALSE",,,,,,,,,,,,,,,,,,,,,,,,,,,,,,,,
"PremiumPassSCID",,"GoldPassTokenSCID",,,,"TRUE","FALSE","FALSE","FALSE","FALSE","FALSE","FALSE","FALSE",,,,,,,,,,,,,,,,,,,,,,,,,,,,,,,,
"TownHall4_REFRESH",,"com.supercell.magic.th4refresh_2.99",,,,"TRUE","FALSE","FALSE","FALSE","FALSE","FALSE","FALSE","FALSE",,,,,,,,,,,,,,,,,,,,,,,,,,,,,,,,
"TownHall4_REFRESH_ALT",,"com.supercell.magic.resource1",,,,"TRUE","FALSE","FALSE","FALSE","FALSE","FALSE","FALSE","FALSE",,,,,,,,,,,,,,,,,,,,,,,,,,,,,,,,
"TownHall5_REFRESH",,"com.supercell.magic.softconversion_2.99",,,,"TRUE","FALSE","FALSE","FALSE","FALSE","FALSE","FALSE","FALSE",,,,,,,,,,,,,,,,,,,,,,,,,,,,,,,,
"TownHall5_REFRESH_ALT",,"com.supercell.magic.resource_4.99",,,,"TRUE","FALSE","FALSE","FALSE","FALSE","FALSE","FALSE","FALSE",,,,,,,,,,,,,,,,,,,,,,,,,,,,,,,,
"TownHall6_REFRESH",,"com.supercell.magic.resource_4.99",,,,"TRUE","FALSE","FALSE","FALSE","FALSE","FALSE","FALSE","FALSE",,,,,,,,,,,,,,,,,,,,,,,,,,,,,,,,
"TownHall6_REFRESH_ALT",,"com.supercell.magic.resource_4.99",,,,"TRUE","FALSE","FALSE","FALSE","FALSE","FALSE","FALSE","FALSE",,,,,,,,,,,,,,,,,,,,,,,,,,,,,,,,
"TownHall7_REFRESH",,"com.supercell.magic.resource_6.99",,,,"TRUE","FALSE","FALSE","FALSE","FALSE","FALSE","FALSE","FALSE",,,,,,,,,,,,,,,,,,,,,,,,,,,,,,,,
"TownHall7_REFRESH_ALT",,"com.supercell.magic.th7refreshalt_6.99",,,,"TRUE","FALSE","FALSE","FALSE","FALSE","FALSE","FALSE","FALSE",,,,,,,,,,,,,,,,,,,,,,,,,,,,,,,,
"TownHall8_REFRESH",,"com.supercell.magic.resource_9.99",,,,"TRUE","FALSE","FALSE","FALSE","FALSE","FALSE","FALSE","FALSE",,,,,,,,,,,,,,,,,,,,,,,,,,,,,,,,
"TownHall8_REFRESH_ALT",,"com.supercell.magic.resource_9.99",,,,"TRUE","FALSE","FALSE","FALSE","FALSE","FALSE","FALSE","FALSE",,,,,,,,,,,,,,,,,,,,,,,,,,,,,,,,
"TownHall9_REFRESH",,"com.supercell.magic.resource_9.99",,,,"TRUE","FALSE","FALSE","FALSE","FALSE","FALSE","FALSE","FALSE",,,,,,,,,,,,,,,,,,,,,,,,,,,,,,,,
"TownHall9_REFRESH_ALT",,"com.supercell.magic.resource_9.99",,,,"TRUE","FALSE","FALSE","FALSE","FALSE","FALSE","FALSE","FALSE",,,,,,,,,,,,,,,,,,,,,,,,,,,,,,,,
"TownHall10_REFRESH",,"com.supercell.magic.resource_9.99",,,,"TRUE","FALSE","FALSE","FALSE","FALSE","FALSE","FALSE","FALSE",,,,,,,,,,,,,,,,,,,,,,,,,,,,,,,,
"TownHall10_REFRESH_ALT",,"com.supercell.magic.th10refreshalt_9.99",,,,"TRUE","FALSE","FALSE","FALSE","FALSE","FALSE","FALSE","FALSE",,,,,,,,,,,,,,,,,,,,,,,,,,,,,,,,
"TownHall11_REFRESH",,"com.supercell.magic.resource_19.99",,,,"TRUE","FALSE","FALSE","FALSE","FALSE","FALSE","FALSE","FALSE",,,,,,,,,,,,,,,,,,,,,,,,,,,,,,,,
"TownHall11_REFRESH_ALT",,"com.supercell.magic.resource_19.99",,,,"TRUE","FALSE","FALSE","FALSE","FALSE","FALSE","FALSE","FALSE",,,,,,,,,,,,,,,,,,,,,,,,,,,,,,,,
"TownHall12_REFRESH",,"com.supercell.magic.resource_19.99",,,,"TRUE","FALSE","FALSE","FALSE","FALSE","FALSE","FALSE","FALSE",,,,,,,,,,,,,,,,,,,,,,,,,,,,,,,,
"TownHall12_REFRESH_ALT",,"com.supercell.magic.resource_19.99",,,,"TRUE","FALSE","FALSE","FALSE","FALSE","FALSE","FALSE","FALSE",,,,,,,,,,,,,,,,,,,,,,,,,,,,,,,,
"Builder3_REFRESH",,"com.supercell.magic.builder1_2.99",,,,"TRUE","FALSE","FALSE","FALSE","FALSE","FALSE","FALSE","FALSE",,,,,,,,,,,,,,,,,,,,,,,,,,,,,,,,
"Builder4_REFRESH",,"com.supercell.magic.builder2_4.99",,,,"TRUE","FALSE","FALSE","FALSE","FALSE","FALSE","FALSE","FALSE",,,,,,,,,,,,,,,,,,,,,,,,,,,,,,,,
"Builder5_REFRESH",,"com.supercell.magic.builder3_9.99",,,,"TRUE","FALSE","FALSE","FALSE","FALSE","FALSE","FALSE","FALSE",,,,,,,,,,,,,,,,,,,,,,,,,,,,,,,,
"TownHall14_NEW",,"com.supercell.magic.resource_49.99",,,,"TRUE","FALSE","FALSE","FALSE","FALSE","FALSE","FALSE","FALSE",,,,,,,,,,,,,,,,,,,,,,,,,,,,,,,,
"TownHall14_NEW_ALT",,"com.supercell.magic.resource_49.99",,,,"TRUE","FALSE","FALSE","FALSE","FALSE","FALSE","FALSE","FALSE",,,,,,,,,,,,,,,,,,,,,,,,,,,,,,,,
"SCIDDiamondPack1",,"com.supercell.magic.scid.diamond_pack_1",,,,"TRUE","FALSE","FALSE","FALSE","FALSE","FALSE","FALSE","FALSE",,,,,,,,,,,,,,,,,,,,,,,,,,,,,,,,
"SCIDDiamondPack2",,"com.supercell.magic.scid.diamond_pack_2",,,,"TRUE","FALSE","FALSE","FALSE","FALSE","FALSE","FALSE","FALSE",,,,,,,,,,,,,,,,,,,,,,,,,,,,,,,,
"SCIDDiamondPack3",,"com.supercell.magic.scid.diamond_pack_3",,,,"TRUE","FALSE","FALSE","FALSE","FALSE","FALSE","FALSE","FALSE",,,,,,,,,,,,,,,,,,,,,,,,,,,,,,,,
"SCIDDiamondPack4",,"com.supercell.magic.scid.diamond_pack_4",,,,"TRUE","FALSE","FALSE","FALSE","FALSE","FALSE","FALSE","FALSE",,,,,,,,,,,,,,,,,,,,,,,,,,,,,,,,
"SCIDDiamondPack5",,"com.supercell.magic.scid.diamond_pack_5",,,,"TRUE","FALSE","FALSE","FALSE","FALSE","FALSE","FALSE","FALSE",,,,,,,,,,,,,,,,,,,,,,,,,,,,,,,,
"SCIDDiamondPack6",,"com.supercell.magic.scid.diamond_pack_6",,,,"TRUE","FALSE","FALSE","FALSE","FALSE","FALSE","FALSE","FALSE",,,,,,,,,,,,,,,,,,,,,,,,,,,,,,,,
"SCIDPremiumPassBundle",,"com.supercell.store.magic.goldpass",,,,"TRUE","FALSE","FALSE","FALSE","FALSE","FALSE","FALSE","FALSE",,,,,,,,,,,,,,,,,,,,,,,,,,,,,,,,
"SCIDPremiumPassBundle3",,"com.supercell.store.magic.goldpassbundle3",,,,"TRUE","FALSE","FALSE","FALSE","FALSE","FALSE","FALSE","FALSE",,,,,,,,,,,,,,,,,,,,,,,,,,,,,,,,
"TownHall15_2022NEW",,"com.supercell.magic.resource_49.99",,,,"TRUE","FALSE","FALSE","FALSE","FALSE","FALSE","FALSE","FALSE",,,,,,,,,,,,,,,,,,,,,,,,,,,,,,,,
"TownHall15_2022NEW_ALT",,"com.supercell.magic.resource_49.99",,,,"TRUE","FALSE","FALSE","FALSE","FALSE","FALSE","FALSE","FALSE",,,,,,,,,,,,,,,,,,,,,,,,,,,,,,,,
"TownHall14_2022REFRESH",,"com.supercell.magic.resource_49.99",,,,"TRUE","FALSE","FALSE","FALSE","FALSE","FALSE","FALSE","FALSE",,,,,,,,,,,,,,,,,,,,,,,,,,,,,,,,
"TownHall13_2022REFRESH",,"com.supercell.magic.resource_49.99",,,,"TRUE","FALSE","FALSE","FALSE","FALSE","FALSE","FALSE","FALSE",,,,,,,,,,,,,,,,,,,,,,,,,,,,,,,,
"TownHall12_2022REFRESH",,"com.supercell.magic.resource_19.99",,,,"TRUE","FALSE","FALSE","FALSE","FALSE","FALSE","FALSE","FALSE",,,,,,,,,,,,,,,,,,,,,,,,,,,,,,,,
"TownHall11_2022REFRESH",,"com.supercell.magic.resource_19.99",,,,"TRUE","FALSE","FALSE","FALSE","FALSE","FALSE","FALSE","FALSE",,,,,,,,,,,,,,,,,,,,,,,,,,,,,,,,
"TownHall10_2022REFRESH",,"com.supercell.magic.resource_9.99",,,,"TRUE","FALSE","FALSE","FALSE","FALSE","FALSE","FALSE","FALSE",,,,,,,,,,,,,,,,,,,,,,,,,,,,,,,,
"TownHall10_2022REFRESH_ALT",,"com.supercell.magic.th10refreshalt_9.99",,,,"TRUE","FALSE","FALSE","FALSE","FALSE","FALSE","FALSE","FALSE",,,,,,,,,,,,,,,,,,,,,,,,,,,,,,,,
"TownHall11_2022REFRESH_ALT",,"com.supercell.magic.resource_19.99",,,,"TRUE","FALSE","FALSE","FALSE","FALSE","FALSE","FALSE","FALSE",,,,,,,,,,,,,,,,,,,,,,,,,,,,,,,,
"TownHall12_2022REFRESH_ALT",,"com.supercell.magic.resource_19.99",,,,"TRUE","FALSE","FALSE","FALSE","FALSE","FALSE","FALSE","FALSE",,,,,,,,,,,,,,,,,,,,,,,,,,,,,,,,
"TownHall13_2022REFRESH_ALT",,"com.supercell.magic.resource_19.99",,,,"TRUE","FALSE","FALSE","FALSE","FALSE","FALSE","FALSE","FALSE",,,,,,,,,,,,,,,,,,,,,,,,,,,,,,,,
"TownHall14_2022REFRESH_ALT",,"com.supercell.magic.resource_49.99",,,,"TRUE","FALSE","FALSE","FALSE","FALSE","FALSE","FALSE","FALSE",,,,,,,,,,,,,,,,,,,,,,,,,,,,,,,,
"SCIDDiamondPack1_10",,"com.supercell.magic.scid10.diamond_pack_1",,,,"TRUE","FALSE","FALSE","FALSE","FALSE","FALSE","FALSE","FALSE",,,,,,,,,,,,,,,,,,,,,,,,,,,,,,,,
"SCIDDiamondPack2_10",,"com.supercell.magic.scid10.diamond_pack_2",,,,"TRUE","FALSE","FALSE","FALSE","FALSE","FALSE","FALSE","FALSE",,,,,,,,,,,,,,,,,,,,,,,,,,,,,,,,
"SCIDDiamondPack3_10",,"com.supercell.magic.scid10.diamond_pack_3",,,,"TRUE","FALSE","FALSE","FALSE","FALSE","FALSE","FALSE","FALSE",,,,,,,,,,,,,,,,,,,,,,,,,,,,,,,,
"SCIDDiamondPack4_10",,"com.supercell.magic.scid10.diamond_pack_4",,,,"TRUE","FALSE","FALSE","FALSE","FALSE","FALSE","FALSE","FALSE",,,,,,,,,,,,,,,,,,,,,,,,,,,,,,,,
"SCIDDiamondPack5_10",,"com.supercell.magic.scid10.diamond_pack_5",,,,"TRUE","FALSE","FALSE","FALSE","FALSE","FALSE","FALSE","FALSE",,,,,,,,,,,,,,,,,,,,,,,,,,,,,,,,
"SCIDDiamondPack6_10",,"com.supercell.magic.scid10.diamond_pack_6",,,,"TRUE","FALSE","FALSE","FALSE","FALSE","FALSE","FALSE","FALSE",,,,,,,,,,,,,,,,,,,,,,,,,,,,,,,,
"RazerDiamondPack_1_5",,"com.supercell.magic.razer5.diamond_pack_1",,,,"TRUE","FALSE","FALSE","FALSE","FALSE","FALSE","FALSE","FALSE",,,,,,,,,,,,,,,,,,,,,,,,,,,,,,,,
"RazerDiamondPack_2_5",,"com.supercell.magic.razer5.diamond_pack_2",,,,"TRUE","FALSE","FALSE","FALSE","FALSE","FALSE","FALSE","FALSE",,,,,,,,,,,,,,,,,,,,,,,,,,,,,,,,
"RazerDiamondPack_3_5",,"com.supercell.magic.razer5.diamond_pack_3",,,,"TRUE","FALSE","FALSE","FALSE","FALSE","FALSE","FALSE","FALSE",,,,,,,,,,,,,,,,,,,,,,,,,,,,,,,,
"RazerDiamondPack_4_5",,"com.supercell.magic.razer5.diamond_pack_4",,,,"TRUE","FALSE","FALSE","FALSE","FALSE","FALSE","FALSE","FALSE",,,,,,,,,,,,,,,,,,,,,,,,,,,,,,,,
"RazerDiamondPack_5_5",,"com.supercell.magic.razer5.diamond_pack_5",,,,"TRUE","FALSE","FALSE","FALSE","FALSE","FALSE","FALSE","FALSE",,,,,,,,,,,,,,,,,,,,,,,,,,,,,,,,
"RazerDiamondPack_6_5",,"com.supercell.magic.razer5.diamond_pack_6",,,,"TRUE","FALSE","FALSE","FALSE","FALSE","FALSE","FALSE","FALSE",,,,,,,,,,,,,,,,,,,,,,,,,,,,,,,,
"RazerDiamondPack_1_10",,"com.supercell.magic.razer10.diamond_pack_1",,,,"TRUE","FALSE","FALSE","FALSE","FALSE","FALSE","FALSE","FALSE",,,,,,,,,,,,,,,,,,,,,,,,,,,,,,,,
"RazerDiamondPack_2_10",,"com.supercell.magic.razer10.diamond_pack_2",,,,"TRUE","FALSE","FALSE","FALSE","FALSE","FALSE","FALSE","FALSE",,,,,,,,,,,,,,,,,,,,,,,,,,,,,,,,
"RazerDiamondPack_3_10",,"com.supercell.magic.razer10.diamond_pack_3",,,,"TRUE","FALSE","FALSE","FALSE","FALSE","FALSE","FALSE","FALSE",,,,,,,,,,,,,,,,,,,,,,,,,,,,,,,,
"RazerDiamondPack_4_10",,"com.supercell.magic.razer10.diamond_pack_4",,,,"TRUE","FALSE","FALSE","FALSE","FALSE","FALSE","FALSE","FALSE",,,,,,,,,,,,,,,,,,,,,,,,,,,,,,,,
"RazerDiamondPack_5_10",,"com.supercell.magic.razer10.diamond_pack_5",,,,"TRUE","FALSE","FALSE","FALSE","FALSE","FALSE","FALSE","FALSE",,,,,,,,,,,,,,,,,,,,,,,,,,,,,,,,
"RazerDiamondPack_6_10",,"com.supercell.magic.razer10.diamond_pack_6",,,,"TRUE","FALSE","FALSE","FALSE","FALSE","FALSE","FALSE","FALSE",,,,,,,,,,,,,,,,,,,,,,,,,,,,,,,,
"RazerDiamondPack_1_15",,"com.supercell.magic.razer15.diamond_pack_1",,,,"TRUE","FALSE","FALSE","FALSE","FALSE","FALSE","FALSE","FALSE",,,,,,,,,,,,,,,,,,,,,,,,,,,,,,,,
"RazerDiamondPack_2_15",,"com.supercell.magic.razer15.diamond_pack_2",,,,"TRUE","FALSE","FALSE","FALSE","FALSE","FALSE","FALSE","FALSE",,,,,,,,,,,,,,,,,,,,,,,,,,,,,,,,
"RazerDiamondPack_3_15",,"com.supercell.magic.razer15.diamond_pack_3",,,,"TRUE","FALSE","FALSE","FALSE","FALSE","FALSE","FALSE","FALSE",,,,,,,,,,,,,,,,,,,,,,,,,,,,,,,,
"RazerDiamondPack_4_15",,"com.supercell.magic.razer15.diamond_pack_4",,,,"TRUE","FALSE","FALSE","FALSE","FALSE","FALSE","FALSE","FALSE",,,,,,,,,,,,,,,,,,,,,,,,,,,,,,,,
"RazerDiamondPack_5_15",,"com.supercell.magic.razer15.diamond_pack_5",,,,"TRUE","FALSE","FALSE","FALSE","FALSE","FALSE","FALSE","FALSE",,,,,,,,,,,,,,,,,,,,,,,,,,,,,,,,
"RazerDiamondPack_6_15",,"com.supercell.magic.razer15.diamond_pack_6",,,,"TRUE","FALSE","FALSE","FALSE","FALSE","FALSE","FALSE","FALSE",,,,,,,,,,,,,,,,,,,,,,,,,,,,,,,,
"RazerDiamondPack_1_20",,"com.supercell.magic.razer20.diamond_pack_1",,,,"TRUE","FALSE","FALSE","FALSE","FALSE","FALSE","FALSE","FALSE",,,,,,,,,,,,,,,,,,,,,,,,,,,,,,,,
"RazerDiamondPack_2_20",,"com.supercell.magic.razer20.diamond_pack_2",,,,"TRUE","FALSE","FALSE","FALSE","FALSE","FALSE","FALSE","FALSE",,,,,,,,,,,,,,,,,,,,,,,,,,,,,,,,
"RazerDiamondPack_3_20",,"com.supercell.magic.razer20.diamond_pack_3",,,,"TRUE","FALSE","FALSE","FALSE","FALSE","FALSE","FALSE","FALSE",,,,,,,,,,,,,,,,,,,,,,,,,,,,,,,,
"RazerDiamondPack_4_20",,"com.supercell.magic.razer20.diamond_pack_4",,,,"TRUE","FALSE","FALSE","FALSE","FALSE","FALSE","FALSE","FALSE",,,,,,,,,,,,,,,,,,,,,,,,,,,,,,,,
"RazerDiamondPack_5_20",,"com.supercell.magic.razer20.diamond_pack_5",,,,"TRUE","FALSE","FALSE","FALSE","FALSE","FALSE","FALSE","FALSE",,,,,,,,,,,,,,,,,,,,,,,,,,,,,,,,
"RazerDiamondPack_6_20",,"com.supercell.magic.razer20.diamond_pack_6",,,,"TRUE","FALSE","FALSE","FALSE","FALSE","FALSE","FALSE","FALSE",,,,,,,,,,,,,,,,,,,,,,,,,,,,,,,,
"RazerGoldPass",,"com.supercell.magic.razer.goldpass",,,,"TRUE","FALSE","FALSE","FALSE","FALSE","FALSE","FALSE","FALSE",,,,,,,,,,,,,,,,,,,,,,,,,,,,,,,,
"CodaDiamondPack_1_5",,"com.supercell.magic.coda5.diamond_pack_1",,,,"TRUE","FALSE","FALSE","FALSE","FALSE","FALSE","FALSE","FALSE",,,,,,,,,,,,,,,,,,,,,,,,,,,,,,,,
"CodaDiamondPack_2_5",,"com.supercell.magic.coda5.diamond_pack_2",,,,"TRUE","FALSE","FALSE","FALSE","FALSE","FALSE","FALSE","FALSE",,,,,,,,,,,,,,,,,,,,,,,,,,,,,,,,
"CodaDiamondPack_3_5",,"com.supercell.magic.coda5.diamond_pack_3",,,,"TRUE","FALSE","FALSE","FALSE","FALSE","FALSE","FALSE","FALSE",,,,,,,,,,,,,,,,,,,,,,,,,,,,,,,,
"CodaDiamondPack_4_5",,"com.supercell.magic.coda5.diamond_pack_4",,,,"TRUE","FALSE","FALSE","FALSE","FALSE","FALSE","FALSE","FALSE",,,,,,,,,,,,,,,,,,,,,,,,,,,,,,,,
"CodaDiamondPack_5_5",,"com.supercell.magic.coda5.diamond_pack_5",,,,"TRUE","FALSE","FALSE","FALSE","FALSE","FALSE","FALSE","FALSE",,,,,,,,,,,,,,,,,,,,,,,,,,,,,,,,
"CodaDiamondPack_6_5",,"com.supercell.magic.coda5.diamond_pack_6",,,,"TRUE","FALSE","FALSE","FALSE","FALSE","FALSE","FALSE","FALSE",,,,,,,,,,,,,,,,,,,,,,,,,,,,,,,,
"CodaDiamondPack_1_10",,"com.supercell.magic.coda10.diamond_pack_1",,,,"TRUE","FALSE","FALSE","FALSE","FALSE","FALSE","FALSE","FALSE",,,,,,,,,,,,,,,,,,,,,,,,,,,,,,,,
"CodaDiamondPack_2_10",,"com.supercell.magic.coda10.diamond_pack_2",,,,"TRUE","FALSE","FALSE","FALSE","FALSE","FALSE","FALSE","FALSE",,,,,,,,,,,,,,,,,,,,,,,,,,,,,,,,
"CodaDiamondPack_3_10",,"com.supercell.magic.coda10.diamond_pack_3",,,,"TRUE","FALSE","FALSE","FALSE","FALSE","FALSE","FALSE","FALSE",,,,,,,,,,,,,,,,,,,,,,,,,,,,,,,,
"CodaDiamondPack_4_10",,"com.supercell.magic.coda10.diamond_pack_4",,,,"TRUE","FALSE","FALSE","FALSE","FALSE","FALSE","FALSE","FALSE",,,,,,,,,,,,,,,,,,,,,,,,,,,,,,,,
"CodaDiamondPack_5_10",,"com.supercell.magic.coda10.diamond_pack_5",,,,"TRUE","FALSE","FALSE","FALSE","FALSE","FALSE","FALSE","FALSE",,,,,,,,,,,,,,,,,,,,,,,,,,,,,,,,
"CodaDiamondPack_6_10",,"com.supercell.magic.coda10.diamond_pack_6",,,,"TRUE","FALSE","FALSE","FALSE","FALSE","FALSE","FALSE","FALSE",,,,,,,,,,,,,,,,,,,,,,,,,,,,,,,,
"CodaDiamondPack_1_20",,"com.supercell.magic.coda20.diamond_pack_1",,,,"TRUE","FALSE","FALSE","FALSE","FALSE","FALSE","FALSE","FALSE",,,,,,,,,,,,,,,,,,,,,,,,,,,,,,,,
"CodaDiamondPack_2_20",,"com.supercell.magic.coda20.diamond_pack_2",,,,"TRUE","FALSE","FALSE","FALSE","FALSE","FALSE","FALSE","FALSE",,,,,,,,,,,,,,,,,,,,,,,,,,,,,,,,
"CodaDiamondPack_3_20",,"com.supercell.magic.coda20.diamond_pack_3",,,,"TRUE","FALSE","FALSE","FALSE","FALSE","FALSE","FALSE","FALSE",,,,,,,,,,,,,,,,,,,,,,,,,,,,,,,,
"CodaDiamondPack_4_20",,"com.supercell.magic.coda20.diamond_pack_4",,,,"TRUE","FALSE","FALSE","FALSE","FALSE","FALSE","FALSE","FALSE",,,,,,,,,,,,,,,,,,,,,,,,,,,,,,,,
"CodaDiamondPack_5_20",,"com.supercell.magic.coda20.diamond_pack_5",,,,"TRUE","FALSE","FALSE","FALSE","FALSE","FALSE","FALSE","FALSE",,,,,,,,,,,,,,,,,,,,,,,,,,,,,,,,
"CodaDiamondPack_6_20",,"com.supercell.magic.coda20.diamond_pack_6",,,,"TRUE","FALSE","FALSE","FALSE","FALSE","FALSE","FALSE","FALSE",,,,,,,,,,,,,,,,,,,,,,,,,,,,,,,,
"CodaGoldPass",,"com.supercell.magic.coda.goldpass",,,,"TRUE","FALSE","FALSE","FALSE","FALSE","FALSE","FALSE","FALSE",,,,,,,,,,,,,,,,,,,,,,,,,,,,,,,,
"RazerDiamondPack_1",,"com.supercell.magic.razer.diamond_pack_1",,,,"TRUE","FALSE","FALSE","FALSE","FALSE","FALSE","FALSE","FALSE",,,,,,,,,,,,,,,,,,,,,,,,,,,,,,,,
"RazerDiamondPack_2",,"com.supercell.magic.razer.diamond_pack_2",,,,"TRUE","FALSE","FALSE","FALSE","FALSE","FALSE","FALSE","FALSE",,,,,,,,,,,,,,,,,,,,,,,,,,,,,,,,
"RazerDiamondPack_3",,"com.supercell.magic.razer.diamond_pack_3",,,,"TRUE","FALSE","FALSE","FALSE","FALSE","FALSE","FALSE","FALSE",,,,,,,,,,,,,,,,,,,,,,,,,,,,,,,,
"RazerDiamondPack_4",,"com.supercell.magic.razer.diamond_pack_4",,,,"TRUE","FALSE","FALSE","FALSE","FALSE","FALSE","FALSE","FALSE",,,,,,,,,,,,,,,,,,,,,,,,,,,,,,,,
"RazerDiamondPack_5",,"com.supercell.magic.razer.diamond_pack_5",,,,"TRUE","FALSE","FALSE","FALSE","FALSE","FALSE","FALSE","FALSE",,,,,,,,,,,,,,,,,,,,,,,,,,,,,,,,
"RazerDiamondPack_6",,"com.supercell.magic.razer.diamond_pack_6",,,,"TRUE","FALSE","FALSE","FALSE","FALSE","FALSE","FALSE","FALSE",,,,,,,,,,,,,,,,,,,,,,,,,,,,,,,,
"Builder_Mega3_Bundle",,"com.supercell.magic.builder1_2.99",,,,"TRUE","FALSE","FALSE","FALSE","FALSE","FALSE","FALSE","FALSE",,,,,,,,,,,,,,,,,,,,,,,,,,,,,,,,
"Builder_Mega2_Bundle",,"com.supercell.magic.builder1_2.99",,,,"TRUE","FALSE","FALSE","FALSE","FALSE","FALSE","FALSE","FALSE",,,,,,,,,,,,,,,,,,,,,,,,,,,,,,,,
"Google_Play_Points_Reward_Cosmetic",,"com.supercell.magic.playpoints1",,,,"TRUE","FALSE","FALSE","FALSE","FALSE","FALSE","FALSE","FALSE",,,,,,,,,,,,,,,,,,,,,,,,,,,,,,,,
"Google_Play_Points_Reward_Gems",,"com.supercell.magic.playpoints2",,,,"TRUE","FALSE","FALSE","FALSE","FALSE","FALSE","FALSE","FALSE",,,,,,,,,,,,,,,,,,,,,,,,,,,,,,,,
"MidasDiamondPack_1",,"com.supercell.magic.midas.diamond_pack_1",,,,"TRUE","FALSE","FALSE","FALSE","FALSE","FALSE","FALSE","FALSE",,,,,,,,,,,,,,,,,,,,,,,,,,,,,,,,
"MidasDiamondPack_2",,"com.supercell.magic.midas.diamond_pack_2",,,,"TRUE","FALSE","FALSE","FALSE","FALSE","FALSE","FALSE","FALSE",,,,,,,,,,,,,,,,,,,,,,,,,,,,,,,,
"MidasDiamondPack_3",,"com.supercell.magic.midas.diamond_pack_3",,,,"TRUE","FALSE","FALSE","FALSE","FALSE","FALSE","FALSE","FALSE",,,,,,,,,,,,,,,,,,,,,,,,,,,,,,,,
"MidasDiamondPack_4",,"com.supercell.magic.midas.diamond_pack_4",,,,"TRUE","FALSE","FALSE","FALSE","FALSE","FALSE","FALSE","FALSE",,,,,,,,,,,,,,,,,,,,,,,,,,,,,,,,
"MidasDiamondPack_5",,"com.supercell.magic.midas.diamond_pack_5",,,,"TRUE","FALSE","FALSE","FALSE","FALSE","FALSE","FALSE","FALSE",,,,,,,,,,,,,,,,,,,,,,,,,,,,,,,,
"MidasDiamondPack_6",,"com.supercell.magic.midas.diamond_pack_6",,,,"TRUE","FALSE","FALSE","FALSE","FALSE","FALSE","FALSE","FALSE",,,,,,,,,,,,,,,,,,,,,,,,,,,,,,,,
"MidasDiamondPack_1_5",,"com.supercell.magic.midas5.diamond_pack_1",,,,"TRUE","FALSE","FALSE","FALSE","FALSE","FALSE","FALSE","FALSE",,,,,,,,,,,,,,,,,,,,,,,,,,,,,,,,
"MidasDiamondPack_2_5",,"com.supercell.magic.midas5.diamond_pack_2",,,,"TRUE","FALSE","FALSE","FALSE","FALSE","FALSE","FALSE","FALSE",,,,,,,,,,,,,,,,,,,,,,,,,,,,,,,,
"MidasDiamondPack_3_5",,"com.supercell.magic.midas5.diamond_pack_3",,,,"TRUE","FALSE","FALSE","FALSE","FALSE","FALSE","FALSE","FALSE",,,,,,,,,,,,,,,,,,,,,,,,,,,,,,,,
"MidasDiamondPack_4_5",,"com.supercell.magic.midas5.diamond_pack_4",,,,"TRUE","FALSE","FALSE","FALSE","FALSE","FALSE","FALSE","FALSE",,,,,,,,,,,,,,,,,,,,,,,,,,,,,,,,
"MidasDiamondPack_5_5",,"com.supercell.magic.midas5.diamond_pack_5",,,,"TRUE","FALSE","FALSE","FALSE","FALSE","FALSE","FALSE","FALSE",,,,,,,,,,,,,,,,,,,,,,,,,,,,,,,,
"MidasDiamondPack_6_5",,"com.supercell.magic.midas5.diamond_pack_6",,,,"TRUE","FALSE","FALSE","FALSE","FALSE","FALSE","FALSE","FALSE",,,,,,,,,,,,,,,,,,,,,,,,,,,,,,,,
"MidasDiamondPack_1_10",,"com.supercell.magic.midas10.diamond_pack_1",,,,"TRUE","FALSE","FALSE","FALSE","FALSE","FALSE","FALSE","FALSE",,,,,,,,,,,,,,,,,,,,,,,,,,,,,,,,
"MidasDiamondPack_2_10",,"com.supercell.magic.midas10.diamond_pack_2",,,,"TRUE","FALSE","FALSE","FALSE","FALSE","FALSE","FALSE","FALSE",,,,,,,,,,,,,,,,,,,,,,,,,,,,,,,,
"MidasDiamondPack_3_10",,"com.supercell.magic.midas10.diamond_pack_3",,,,"TRUE","FALSE","FALSE","FALSE","FALSE","FALSE","FALSE","FALSE",,,,,,,,,,,,,,,,,,,,,,,,,,,,,,,,
"MidasDiamondPack_4_10",,"com.supercell.magic.midas10.diamond_pack_4",,,,"TRUE","FALSE","FALSE","FALSE","FALSE","FALSE","FALSE","FALSE",,,,,,,,,,,,,,,,,,,,,,,,,,,,,,,,
"MidasDiamondPack_5_10",,"com.supercell.magic.midas10.diamond_pack_5",,,,"TRUE","FALSE","FALSE","FALSE","FALSE","FALSE","FALSE","FALSE",,,,,,,,,,,,,,,,,,,,,,,,,,,,,,,,
"MidasDiamondPack_6_10",,"com.supercell.magic.midas10.diamond_pack_6",,,,"TRUE","FALSE","FALSE","FALSE","FALSE","FALSE","FALSE","FALSE",,,,,,,,,,,,,,,,,,,,,,,,,,,,,,,,
"MidasDiamondPack_1_15",,"com.supercell.magic.midas15.diamond_pack_1",,,,"TRUE","FALSE","FALSE","FALSE","FALSE","FALSE","FALSE","FALSE",,,,,,,,,,,,,,,,,,,,,,,,,,,,,,,,
"MidasDiamondPack_2_15",,"com.supercell.magic.midas15.diamond_pack_2",,,,"TRUE","FALSE","FALSE","FALSE","FALSE","FALSE","FALSE","FALSE",,,,,,,,,,,,,,,,,,,,,,,,,,,,,,,,
"MidasDiamondPack_3_15",,"com.supercell.magic.midas15.diamond_pack_3",,,,"TRUE","FALSE","FALSE","FALSE","FALSE","FALSE","FALSE","FALSE",,,,,,,,,,,,,,,,,,,,,,,,,,,,,,,,
"MidasDiamondPack_4_15",,"com.supercell.magic.midas15.diamond_pack_4",,,,"TRUE","FALSE","FALSE","FALSE","FALSE","FALSE","FALSE","FALSE",,,,,,,,,,,,,,,,,,,,,,,,,,,,,,,,
"MidasDiamondPack_5_15",,"com.supercell.magic.midas15.diamond_pack_5",,,,"TRUE","FALSE","FALSE","FALSE","FALSE","FALSE","FALSE","FALSE",,,,,,,,,,,,,,,,,,,,,,,,,,,,,,,,
"MidasDiamondPack_6_15",,"com.supercell.magic.midas15.diamond_pack_6",,,,"TRUE","FALSE","FALSE","FALSE","FALSE","FALSE","FALSE","FALSE",,,,,,,,,,,,,,,,,,,,,,,,,,,,,,,,
"MidasDiamondPack_1_20",,"com.supercell.magic.midas20.diamond_pack_1",,,,"TRUE","FALSE","FALSE","FALSE","FALSE","FALSE","FALSE","FALSE",,,,,,,,,,,,,,,,,,,,,,,,,,,,,,,,
"MidasDiamondPack_2_20",,"com.supercell.magic.midas20.diamond_pack_2",,,,"TRUE","FALSE","FALSE","FALSE","FALSE","FALSE","FALSE","FALSE",,,,,,,,,,,,,,,,,,,,,,,,,,,,,,,,
"MidasDiamondPack_3_20",,"com.supercell.magic.midas20.diamond_pack_3",,,,"TRUE","FALSE","FALSE","FALSE","FALSE","FALSE","FALSE","FALSE",,,,,,,,,,,,,,,,,,,,,,,,,,,,,,,,
"MidasDiamondPack_4_20",,"com.supercell.magic.midas20.diamond_pack_4",,,,"TRUE","FALSE","FALSE","FALSE","FALSE","FALSE","FALSE","FALSE",,,,,,,,,,,,,,,,,,,,,,,,,,,,,,,,
"MidasDiamondPack_5_20",,"com.supercell.magic.midas20.diamond_pack_5",,,,"TRUE","FALSE","FALSE","FALSE","FALSE","FALSE","FALSE","FALSE",,,,,,,,,,,,,,,,,,,,,,,,,,,,,,,,
"MidasDiamondPack_6_20",,"com.supercell.magic.midas20.diamond_pack_6",,,,"TRUE","FALSE","FALSE","FALSE","FALSE","FALSE","FALSE","FALSE",,,,,,,,,,,,,,,,,,,,,,,,,,,,,,,,
"MidasGoldPass",,"com.supercell.magic.midas.goldpass",,,,"TRUE","FALSE","FALSE","FALSE","FALSE","FALSE","FALSE","FALSE",,,,,,,,,,,,,,,,,,,,,,,,,,,,,,,,
"CarryDiamondPack_1",,"com.supercell.magic.carry.diamond_pack_1",,,,"TRUE","FALSE","FALSE","FALSE","FALSE","FALSE","FALSE","FALSE",,,,,,,,,,,,,,,,,,,,,,,,,,,,,,,,
"CarryDiamondPack_2",,"com.supercell.magic.carry.diamond_pack_2",,,,"TRUE","FALSE","FALSE","FALSE","FALSE","FALSE","FALSE","FALSE",,,,,,,,,,,,,,,,,,,,,,,,,,,,,,,,
"CarryDiamondPack_3",,"com.supercell.magic.carry.diamond_pack_3",,,,"TRUE","FALSE","FALSE","FALSE","FALSE","FALSE","FALSE","FALSE",,,,,,,,,,,,,,,,,,,,,,,,,,,,,,,,
"CarryDiamondPack_4",,"com.supercell.magic.carry.diamond_pack_4",,,,"TRUE","FALSE","FALSE","FALSE","FALSE","FALSE","FALSE","FALSE",,,,,,,,,,,,,,,,,,,,,,,,,,,,,,,,
"CarryDiamondPack_5",,"com.supercell.magic.carry.diamond_pack_5",,,,"TRUE","FALSE","FALSE","FALSE","FALSE","FALSE","FALSE","FALSE",,,,,,,,,,,,,,,,,,,,,,,,,,,,,,,,
"CarryDiamondPack_6",,"com.supercell.magic.carry.diamond_pack_6",,,,"TRUE","FALSE","FALSE","FALSE","FALSE","FALSE","FALSE","FALSE",,,,,,,,,,,,,,,,,,,,,,,,,,,,,,,,
"CarryDiamondPack_1_5",,"com.supercell.magic.carry5.diamond_pack_1",,,,"TRUE","FALSE","FALSE","FALSE","FALSE","FALSE","FALSE","FALSE",,,,,,,,,,,,,,,,,,,,,,,,,,,,,,,,
"CarryDiamondPack_2_5",,"com.supercell.magic.carry5.diamond_pack_2",,,,"TRUE","FALSE","FALSE","FALSE","FALSE","FALSE","FALSE","FALSE",,,,,,,,,,,,,,,,,,,,,,,,,,,,,,,,
"CarryDiamondPack_3_5",,"com.supercell.magic.carry5.diamond_pack_3",,,,"TRUE","FALSE","FALSE","FALSE","FALSE","FALSE","FALSE","FALSE",,,,,,,,,,,,,,,,,,,,,,,,,,,,,,,,
"CarryDiamondPack_4_5",,"com.supercell.magic.carry5.diamond_pack_4",,,,"TRUE","FALSE","FALSE","FALSE","FALSE","FALSE","FALSE","FALSE",,,,,,,,,,,,,,,,,,,,,,,,,,,,,,,,
"CarryDiamondPack_5_5",,"com.supercell.magic.carry5.diamond_pack_5",,,,"TRUE","FALSE","FALSE","FALSE","FALSE","FALSE","FALSE","FALSE",,,,,,,,,,,,,,,,,,,,,,,,,,,,,,,,
"CarryDiamondPack_6_5",,"com.supercell.magic.carry5.diamond_pack_6",,,,"TRUE","FALSE","FALSE","FALSE","FALSE","FALSE","FALSE","FALSE",,,,,,,,,,,,,,,,,,,,,,,,,,,,,,,,
"CarryDiamondPack_1_10",,"com.supercell.magic.carry10.diamond_pack_1",,,,"TRUE","FALSE","FALSE","FALSE","FALSE","FALSE","FALSE","FALSE",,,,,,,,,,,,,,,,,,,,,,,,,,,,,,,,
"CarryDiamondPack_2_10",,"com.supercell.magic.carry10.diamond_pack_2",,,,"TRUE","FALSE","FALSE","FALSE","FALSE","FALSE","FALSE","FALSE",,,,,,,,,,,,,,,,,,,,,,,,,,,,,,,,
"CarryDiamondPack_3_10",,"com.supercell.magic.carry10.diamond_pack_3",,,,"TRUE","FALSE","FALSE","FALSE","FALSE","FALSE","FALSE","FALSE",,,,,,,,,,,,,,,,,,,,,,,,,,,,,,,,
"CarryDiamondPack_4_10",,"com.supercell.magic.carry10.diamond_pack_4",,,,"TRUE","FALSE","FALSE","FALSE","FALSE","FALSE","FALSE","FALSE",,,,,,,,,,,,,,,,,,,,,,,,,,,,,,,,
"CarryDiamondPack_5_10",,"com.supercell.magic.carry10.diamond_pack_5",,,,"TRUE","FALSE","FALSE","FALSE","FALSE","FALSE","FALSE","FALSE",,,,,,,,,,,,,,,,,,,,,,,,,,,,,,,,
"CarryDiamondPack_6_10",,"com.supercell.magic.carry10.diamond_pack_6",,,,"TRUE","FALSE","FALSE","FALSE","FALSE","FALSE","FALSE","FALSE",,,,,,,,,,,,,,,,,,,,,,,,,,,,,,,,
"CarryDiamondPack_1_15",,"com.supercell.magic.carry15.diamond_pack_1",,,,"TRUE","FALSE","FALSE","FALSE","FALSE","FALSE","FALSE","FALSE",,,,,,,,,,,,,,,,,,,,,,,,,,,,,,,,
"CarryDiamondPack_2_15",,"com.supercell.magic.carry15.diamond_pack_2",,,,"TRUE","FALSE","FALSE","FALSE","FALSE","FALSE","FALSE","FALSE",,,,,,,,,,,,,,,,,,,,,,,,,,,,,,,,
"CarryDiamondPack_3_15",,"com.supercell.magic.carry15.diamond_pack_3",,,,"TRUE","FALSE","FALSE","FALSE","FALSE","FALSE","FALSE","FALSE",,,,,,,,,,,,,,,,,,,,,,,,,,,,,,,,
"CarryDiamondPack_4_15",,"com.supercell.magic.carry15.diamond_pack_4",,,,"TRUE","FALSE","FALSE","FALSE","FALSE","FALSE","FALSE","FALSE",,,,,,,,,,,,,,,,,,,,,,,,,,,,,,,,
"CarryDiamondPack_5_15",,"com.supercell.magic.carry15.diamond_pack_5",,,,"TRUE","FALSE","FALSE","FALSE","FALSE","FALSE","FALSE","FALSE",,,,,,,,,,,,,,,,,,,,,,,,,,,,,,,,
"CarryDiamondPack_6_15",,"com.supercell.magic.carry15.diamond_pack_6",,,,"TRUE","FALSE","FALSE","FALSE","FALSE","FALSE","FALSE","FALSE",,,,,,,,,,,,,,,,,,,,,,,,,,,,,,,,
"CarryDiamondPack_1_20",,"com.supercell.magic.carry20.diamond_pack_1",,,,"TRUE","FALSE","FALSE","FALSE","FALSE","FALSE","FALSE","FALSE",,,,,,,,,,,,,,,,,,,,,,,,,,,,,,,,
"CarryDiamondPack_2_20",,"com.supercell.magic.carry20.diamond_pack_2",,,,"TRUE","FALSE","FALSE","FALSE","FALSE","FALSE","FALSE","FALSE",,,,,,,,,,,,,,,,,,,,,,,,,,,,,,,,
"CarryDiamondPack_3_20",,"com.supercell.magic.carry20.diamond_pack_3",,,,"TRUE","FALSE","FALSE","FALSE","FALSE","FALSE","FALSE","FALSE",,,,,,,,,,,,,,,,,,,,,,,,,,,,,,,,
"CarryDiamondPack_4_20",,"com.supercell.magic.carry20.diamond_pack_4",,,,"TRUE","FALSE","FALSE","FALSE","FALSE","FALSE","FALSE","FALSE",,,,,,,,,,,,,,,,,,,,,,,,,,,,,,,,
"CarryDiamondPack_5_20",,"com.supercell.magic.carry20.diamond_pack_5",,,,"TRUE","FALSE","FALSE","FALSE","FALSE","FALSE","FALSE","FALSE",,,,,,,,,,,,,,,,,,,,,,,,,,,,,,,,
"CarryDiamondPack_6_20",,"com.supercell.magic.carry20.diamond_pack_6",,,,"TRUE","FALSE","FALSE","FALSE","FALSE","FALSE","FALSE","FALSE",,,,,,,,,,,,,,,,,,,,,,,,,,,,,,,,
"CarryGoldPass",,"com.supercell.magic.carry.goldpass",,,,"TRUE","FALSE","FALSE","FALSE","FALSE","FALSE","FALSE","FALSE",,,,,,,,,,,,,,,,,,,,,,,,,,,,,,,,
"Google_Play_Points_Reward_Gems_50",,"com.supercell.magic.playpoints3",,,,"TRUE","FALSE","FALSE","FALSE","FALSE","FALSE","FALSE","FALSE",,,,,,,,,,,,,,,,,,,,,,,,,,,,,,,,
"EventPass",,"com.supercell.magic.eventpass",,,,"TRUE","FALSE","FALSE","FALSE","FALSE","FALSE","FALSE","FALSE",,,,,,,,,,,,,,,,,,,,,,,,,,,,,,,,
"TownHall15_2023NEW",,"com.supercell.magic.resource_49.99",,,,"TRUE","FALSE","FALSE","FALSE","FALSE","FALSE","FALSE","FALSE",,,,,,,,,,,,,,,,,,,,,,,,,,,,,,,,
"TownHall15_2023NEW_ALT",,"com.supercell.magic.resource_49.99",,,,"TRUE","FALSE","FALSE","FALSE","FALSE","FALSE","FALSE","FALSE",,,,,,,,,,,,,,,,,,,,,,,,,,,,,,,,
"TownHall14_2023REFRESH",,"com.supercell.magic.resource_49.99",,,,"TRUE","FALSE","FALSE","FALSE","FALSE","FALSE","FALSE","FALSE",,,,,,,,,,,,,,,,,,,,,,,,,,,,,,,,
"TownHall13_2023REFRESH",,"com.supercell.magic.resource_49.99",,,,"TRUE","FALSE","FALSE","FALSE","FALSE","FALSE","FALSE","FALSE",,,,,,,,,,,,,,,,,,,,,,,,,,,,,,,,
"TownHall12_2023REFRESH",,"com.supercell.magic.resource_19.99",,,,"TRUE","FALSE","FALSE","FALSE","FALSE","FALSE","FALSE","FALSE",,,,,,,,,,,,,,,,,,,,,,,,,,,,,,,,
"TownHall11_2023REFRESH",,"com.supercell.magic.resource_19.99",,,,"TRUE","FALSE","FALSE","FALSE","FALSE","FALSE","FALSE","FALSE",,,,,,,,,,,,,,,,,,,,,,,,,,,,,,,,
"TownHall10_2023REFRESH",,"com.supercell.magic.resource_9.99",,,,"TRUE","FALSE","FALSE","FALSE","FALSE","FALSE","FALSE","FALSE",,,,,,,,,,,,,,,,,,,,,,,,,,,,,,,,
"TownHall10_2023REFRESH_ALT",,"com.supercell.magic.resource_9.99",,,,"TRUE","FALSE","FALSE","FALSE","FALSE","FALSE","FALSE","FALSE",,,,,,,,,,,,,,,,,,,,,,,,,,,,,,,,
"TownHall11_2023REFRESH_ALT",,"com.supercell.magic.resource_19.99",,,,"TRUE","FALSE","FALSE","FALSE","FALSE","FALSE","FALSE","FALSE",,,,,,,,,,,,,,,,,,,,,,,,,,,,,,,,
"TownHall12_2023REFRESH_ALT",,"com.supercell.magic.resource_19.99",,,,"TRUE","FALSE","FALSE","FALSE","FALSE","FALSE","FALSE","FALSE",,,,,,,,,,,,,,,,,,,,,,,,,,,,,,,,
"TownHall13_2023REFRESH_ALT",,"com.supercell.magic.resource_19.99",,,,"TRUE","FALSE","FALSE","FALSE","FALSE","FALSE","FALSE","FALSE",,,,,,,,,,,,,,,,,,,,,,,,,,,,,,,,
"TownHall14_2023REFRESH_ALT",,"com.supercell.magic.resource_49.99",,,,"TRUE","FALSE","FALSE","FALSE","FALSE","FALSE","FALSE","FALSE",,,,,,,,,,,,,,,,,,,,,,,,,,,,,,,,
"TownHall4_2023REFRESH",,"com.supercell.magic.softconversion_2.99",,,,"TRUE","FALSE","FALSE","FALSE","FALSE","FALSE","FALSE","FALSE",,,,,,,,,,,,,,,,,,,,,,,,,,,,,,,,
"TownHall4_2023REFRESH_ALT",,"com.supercell.magic.softconversion_2.99",,,,"TRUE","FALSE","FALSE","FALSE","FALSE","FALSE","FALSE","FALSE",,,,,,,,,,,,,,,,,,,,,,,,,,,,,,,,
"TownHall5_2023REFRESH",,"com.supercell.magic.softconversion_2.99",,,,"TRUE","FALSE","FALSE","FALSE","FALSE","FALSE","FALSE","FALSE",,,,,,,,,,,,,,,,,,,,,,,,,,,,,,,,
"TownHall5_2023REFRESH_ALT",,"com.supercell.magic.resource_4.99",,,,"TRUE","FALSE","FALSE","FALSE","FALSE","FALSE","FALSE","FALSE",,,,,,,,,,,,,,,,,,,,,,,,,,,,,,,,
"TownHall6_2023REFRESH",,"com.supercell.magic.resource_4.99",,,,"TRUE","FALSE","FALSE","FALSE","FALSE","FALSE","FALSE","FALSE",,,,,,,,,,,,,,,,,,,,,,,,,,,,,,,,
"TownHall6_2023REFRESH_ALT",,"com.supercell.magic.resource_4.99",,,,"TRUE","FALSE","FALSE","FALSE","FALSE","FALSE","FALSE","FALSE",,,,,,,,,,,,,,,,,,,,,,,,,,,,,,,,
"TownHall7_2023REFRESH",,"com.supercell.magic.resource_6.99",,,,"TRUE","FALSE","FALSE","FALSE","FALSE","FALSE","FALSE","FALSE",,,,,,,,,,,,,,,,,,,,,,,,,,,,,,,,
"TownHall7_2023REFRESH_ALT",,"com.supercell.magic.resource_6.99",,,,"TRUE","FALSE","FALSE","FALSE","FALSE","FALSE","FALSE","FALSE",,,,,,,,,,,,,,,,,,,,,,,,,,,,,,,,
"TownHall8_2023REFRESH",,"com.supercell.magic.resource_9.99",,,,"TRUE","FALSE","FALSE","FALSE","FALSE","FALSE","FALSE","FALSE",,,,,,,,,,,,,,,,,,,,,,,,,,,,,,,,
"TownHall8_2023REFRESH_ALT",,"com.supercell.magic.resource_9.99",,,,"TRUE","FALSE","FALSE","FALSE","FALSE","FALSE","FALSE","FALSE",,,,,,,,,,,,,,,,,,,,,,,,,,,,,,,,
"TownHall9_2023REFRESH",,"com.supercell.magic.resource_9.99",,,,"TRUE","FALSE","FALSE","FALSE","FALSE","FALSE","FALSE","FALSE",,,,,,,,,,,,,,,,,,,,,,,,,,,,,,,,
"TownHall9_2023REFRESH_ALT",,"com.supercell.magic.resource_9.99",,,,"TRUE","FALSE","FALSE","FALSE","FALSE","FALSE","FALSE","FALSE",,,,,,,,,,,,,,,,,,,,,,,,,,,,,,,,
"TownHall14_2023REFRESH2_ALT",,"com.supercell.magic.resource_49.99",,,,"TRUE","FALSE","FALSE","FALSE","FALSE","FALSE","FALSE","FALSE",,,,,,,,,,,,,,,,,,,,,,,,,,,,,,,,
"PremiumPassNoDonateSCID",,"com.supercell.magic.scid.goldpass_nodonate",,,,"TRUE","FALSE","FALSE","FALSE","FALSE","FALSE","FALSE","FALSE",,,,,,,,,,,,,,,,,,,,,,,,,,,,,,,,
"EventPassSCID",,"com.supercell.magic.scid.eventpass",,,,"TRUE","FALSE","FALSE","FALSE","FALSE","FALSE","FALSE","FALSE",,,,,,,,,,,,,,,,,,,,,,,,,,,,,,,,
"EventPassNoDonateSCID",,"com.supercell.magic.scid.eventpass_nodonate",,,,"TRUE","FALSE","FALSE","FALSE","FALSE","FALSE","FALSE","FALSE",,,,,,,,,,,,,,,,,,,,,,,,,,,,,,,,
